Task Name,Due Date,Description
Customer Segmentation,2023-11-16,Segment customers based on demographics and behavior for targeted marketing.
Financial Data Analysis,2023-08-31,Conduct financial analysis to assess company performance and generate reports.
Product Use Analysis,2023-09-28,Analyze product usage data to identify trends and user behavior.
Product Use Analysis,2023-12-30,Analyze product usage data to identify trends and user behavior.
Product Use Analysis,2023-08-20,Analyze product usage data to identify trends and user behavior.
Customer Segmentation,2023-09-23,Segment customers based on demographics and behavior for targeted marketing.
Product Use Analysis,2023-10-31,Analyze product usage data to identify trends and user behavior.
Customer Segmentation,2023-10-02,Segment customers based on demographics and behavior for targeted marketing.
Customer Segmentation,2023-08-17,Segment customers based on demographics and behavior for targeted marketing.
Customer Segmentation,2023-10-22,Segment customers based on demographics and behavior for targeted marketing.
